{"train/num_tokens":5.8949632e+07,"train_runtime":22169.9214,"train/mean_token_accuracy":0.9748473393917084,"eval/loss":0.05753323435783386,"_wandb":{"runtime":22169},"train/learning_rate":3.878894046686176e-07,"train/epoch":3,"train_loss":0.07139297229171512,"eval/num_tokens":4.9119232e+07,"_runtime":22169,"train/loss":0.0562,"_step":39,"train/grad_norm":0.02984335646033287,"train/entropy":0.0572772441059351,"eval/mean_token_accuracy":0.9744701431347773,"train_steps_per_second":0.083,"eval/samples_per_second":4.156,"train/global_step":1839,"eval/entropy":0.057598025466387086,"eval/steps_per_second":0.27,"eval/runtime":48.1184,"train_samples_per_second":1.326,"total_flos":2.5689671979761664e+18,"_timestamp":1.7623400150643466e+09}